{"prefix": {"provone": "http://purl.dataone.org/provone/2015/01/15/ontology#", "dcterms": "http://purl.org/dc/terms/", "default": "http://purl.org/roocs/prov#"}, "agent": {"copernicus_CDS": {"prov:type": "prov:Organization", "dcterms:title": "Copernicus Climate Data Store"}, "rook": {"prov:type": "prov:SoftwareAgent", "dcterms:source": "https://github.com/roocs/rook/releases/tag/v0.6.1"}, "daops": {"prov:type": "prov:SoftwareAgent", "dcterms:source": "https://github.com/roocs/daops/releases/tag/v0.6.0"}}, "wasAttributedTo": {"_:id1": {"prov:entity": "rook", "prov:agent": "copernicus_CDS"}}, "entity": {"workflow": {"prov:type": "provone:Workflow"}, "c3s-cmip6.ScenarioMIP.MOHC.HadGEM3-GC31-LL.ssp126.r1i1p1f3.day.tas.gn.v20200114": {}, "tas_day_HadGEM3-GC31-LL_ssp126_r1i1p1f3_gn_20150101-20601229.nc": {}}, "activity": {"orchestrate": [{"prov:startedAtTime": "2021-08-24T12:03:16"}, {"prov:endedAtTime": "2021-08-24T12:04:34"}], "subset_tas_1": {"time": "2015-01-01/2060-12-31", "area": "23,61,25,62", "apply_fixes": false}}, "wasAssociatedWith": {"_:id2": {"prov:activity": "orchestrate", "prov:agent": "rook", "prov:plan": "workflow"}, "_:id3": {"prov:activity": "subset_tas_1", "prov:agent": "daops", "prov:plan": "workflow"}}, "wasDerivedFrom": {"_:id4": {"prov:generatedEntity": "tas_day_HadGEM3-GC31-LL_ssp126_r1i1p1f3_gn_20150101-20601229.nc", "prov:usedEntity": "c3s-cmip6.ScenarioMIP.MOHC.HadGEM3-GC31-LL.ssp126.r1i1p1f3.day.tas.gn.v20200114", "prov:activity": "subset_tas_1"}}}